scenario,depth_ft,slope,soil_shear_lbft2,sed_transport_lbs_410ft,sed_transport_rate_kgsm,velocity_ms,spot,breadth_m,channel_avg_depth_m
pre_control,0.94,0.009,0.53,20.64,0.24,0.75,1,1.78,2.15
pre_control,1.24,0.0067,0.499,15.9,0.19,0.63,2,1.95,2.1
pre_control,1.44,0.012,1.061,84.19,1.0,1.07,3,1.92,1.84
pre_control,1.15,0.0095,0.69,35.27,0.42,0.89,4,2.01,1.92
pre_control,1.05,0.009,0.561,23.17,0.28,0.81,5,2.2,2.83
pre_control,0.66,0.007,0.312,6.989,0.08,0.63,6,2.3,2.52
pre_control,1.32,0.011,0.936,65.46,0.78,1.01,7,1.94,2.77
pre_control,0.98,0.0076,0.437,13.95,0.16,0.63,8,2.7,2.22
pre_control,0.82,0.0056,0.312,6.89,0.08,0.23,9,2.3,2.37
pre_control,0.52,0.021,0.68,34.61,0.41,1.51,10,2.2,2.31
pre_control,0.98,0.013,0.811,48.92,0.58,1.05,11,1.9,1.95
pre_control,0.82,0.014,0.686,34.86,0.41,0.85,12,3.0,1.66
pre_control,0.98,0.0096,0.58,24.79,0.29,0.83,13,2.2,1.53
pre_control,0.81,0.0096,0.48,16.86,0.2,0.97,14,1.98,1.96
pre_control,0.72,0.0105,0.499,18.28,0.22,0.94,15,2.01,1.84
pre_control,0.75,0.0112,0.499,18.28,0.22,1.07,16,2.23,1.72
pre_control,1.21,0.011,0.811,48.91,0.58,0.9,17,2.52,1.1
pre_control,1.08,0.0151,0.998,33.55,0.39,0.9,18,3.35,1.22
pre_control,1.08,0.0132,0.874,29.38,0.35,0.97,19,2.96,1.73
pre_control,1.09,0.0108,0.749,41.64,0.495,1.09,20,2.81,2.01
pond10_pre,2.11,0.009,1.18,105.23,1.25,1.2,1,1.78,2.15
pond10_pre,3.2,0.0067,1.34,135.69,1.61,1.0,2,1.95,2.1
pond10_pre,2.0,0.012,2.4,302.62,3.6,1.5,3,1.92,1.84
pond10_pre,3.11,0.0095,1.84,256.01,3.05,0.9,4,2.01,1.92
pond10_pre,2.1,0.009,1.18,96.21,1.15,1.25,5,2.2,2.83
pond10_pre,1.09,0.007,0.48,16.4,0.2,1.4,6,2.3,2.52
pond10_pre,3.21,0.011,2.2,366.35,4.35,1.3,7,1.94,2.77
pond10_pre,1.12,0.0076,0.53,20.93,0.24,0.9,8,2.7,2.22
pond10_pre,1.01,0.0056,0.35,9.03,0.11,0.7,9,2.3,2.37
pond10_pre,1.21,0.021,1.58,189.29,2.25,2.0,10,2.2,2.31
pond10_pre,1.21,0.013,0.98,72.25,0.86,1.3,11,1.9,1.95
pond10_pre,2.21,0.014,1.93,281.75,3.35,1.2,12,3.0,1.66
pond10_pre,2.02,0.0096,1.21,110.37,1.31,1.0,13,2.2,1.53
pond10_pre,3.21,0.0096,1.92,278.83,3.32,1.1,14,1.98,1.96
pond10_pre,2.01,0.0105,1.32,131.45,1.56,1.3,15,2.01,1.84
pond10_pre,0.98,0.0112,0.68,34.61,0.41,1.2,16,2.23,1.72
pond10_pre,2.21,0.011,1.51,172.19,2.05,1.0,17,2.52,1.1
pond10_pre,1.09,0.0151,1.03,79.85,0.95,1.1,18,3.35,1.22
pond10_pre,1.31,0.0132,1.08,87.84,1.05,1.3,19,2.96,1.73
pond10_pre,2.1,0.0108,1.42,152.21,1.81,1.3,20,2.81,2.01
pond10_post,1.92,0.009,1.08,20.19,0.95,1.0,1,1.78,2.15
pond10_post,2.81,0.0067,1.17,94.19,1.12,0.75,2,1.95,2.1
pond10_post,2.12,0.012,1.59,174.39,2.07,1.2,3,1.92,1.84
pond10_post,2.73,0.0095,1.62,181.05,2.1,0.9,4,2.01,1.92
pond10_post,1.56,0.009,0.88,47.18,0.56,1.25,5,2.2,2.83
pond10_post,1.09,0.007,0.47,14.99,0.18,1.4,6,2.3,2.52
pond10_post,2.36,0.011,1.61,179.91,2.14,1.2,7,1.94,2.77
pond10_post,1.12,0.0076,0.53,19.11,0.23,0.91,8,2.7,2.22
pond10_post,0.56,0.0056,0.19,2.49,0.03,0.6,9,2.3,2.37
pond10_post,1.0,0.021,1.31,108.48,1.29,1.08,10,2.2,2.31
pond10_post,1.0,0.013,0.81,44.96,0.53,1.2,11,1.9,1.95
pond10_post,2.02,0.014,1.76,213.81,2.54,1.1,12,3.0,1.66
pond10_post,1.51,0.0096,0.9,55.58,0.66,0.7,13,2.2,1.53
pond10_post,3.0,0.0096,1.8,223.67,2.66,0.6,14,1.98,1.96
pond10_post,1.56,0.0105,1.02,71.49,0.85,1.0,15,2.01,1.84
pond10_post,0.95,0.0112,0.65,28.55,0.34,0.9,16,2.23,1.72
pond10_post,3.2,0.011,2.19,331.45,3.94,0.88,17,2.52,1.1
pond10_post,1.2,0.0151,1.13,87.83,1.05,0.22,18,3.35,1.22
pond10_post,1.52,0.0132,1.25,107.57,1.28,0.95,19,2.96,1.73
pond10_post,1.78,0.0108,1.19,97.45,1.16,1.1,20,2.81,2.01
pond15_pre,2.51,0.009,1.41,150.06,1.79,1.7,1,1.78,2.15
pond15_pre,3.6,0.0067,1.51,172.19,2.05,1.2,2,1.95,2.1
pond15_pre,3.5,0.012,2.62,89.52,1.07,1.8,3,1.92,1.84
pond15_pre,3.2,0.0095,1.89,270.16,3.21,1.2,4,2.01,1.92
pond15_pre,2.4,0.009,1.34,135.48,1.61,1.5,5,2.2,2.83
pond15_pre,1.5,0.007,0.66,27.71,0.33,1.7,6,2.3,2.52
pond15_pre,3.23,0.011,2.2,369.19,4.39,1.8,7,1.94,2.77
pond15_pre,1.3,0.0076,0.62,28.73,0.34,1.2,8,2.7,2.22
pond15_pre,1.2,0.0056,0.42,13.072,0.16,1.4,9,2.3,2.37
pond15_pre,2.01,0.021,2.62,529.27,6.3,2.2,10,2.2,2.31
pond15_pre,1.51,0.013,1.22,112.21,1.33,1.5,11,1.9,1.95
pond15_pre,1.61,0.014,1.41,150.06,1.78,1.6,12,3.0,1.66
pond15_pre,2.31,0.0096,1.38,143.73,1.71,1.2,13,2.2,1.53
pond15_pre,3.6,0.0096,2.15,350.91,4.17,1.4,14,1.98,1.96
pond15_pre,2.2,0.0105,1.44,156.55,1.86,1.7,15,2.01,1.84
pond15_pre,1.2,0.0112,0.84,52.98,0.63,1.4,16,2.23,1.72
pond15_pre,2.63,0.011,1.79,242.25,2.88,1.2,17,2.52,1.1
pond15_pre,1.3,0.0151,1.22,112.29,1.33,1.6,18,3.35,1.22
pond15_pre,1.5,0.0132,1.24,115.94,1.38,1.3,19,2.96,1.73
pond15_pre,2.2,0.0108,1.48,165.39,1.97,1.4,20,2.81,2.01
pond15_post,2.31,0.009,1.3,116.39,1.39,1.5,1,1.78,2.15
pond15_post,3.46,0.0067,1.45,144.93,1.72,1.01,2,1.95,2.1
pond15_post,3.51,0.012,2.62,474.77,5.64,1.63,3,1.92,1.84
pond15_post,3.22,0.0095,1.91,251.51,2.99,0.98,4,2.01,1.92
pond15_post,2.2,0.009,1.24,105.85,1.26,1.2,5,2.2,2.83
pond15_post,1.25,0.007,0.55,20.59,0.24,1.4,6,2.3,2.52
pond15_post,3.0,0.011,2.06,320.97,3.87,1.2,7,1.94,2.77
pond15_post,1.01,0.0076,0.47,15.28,0.18,1.0,8,2.7,2.22
pond15_post,2.95,0.0056,1.03,72.91,0.87,0.98,9,2.3,2.37
pond15_post,1.42,0.021,1.86,238.88,2.84,2.1,10,2.2,2.31
pond15_post,2.5,0.013,2.03,284.12,3.38,1.4,11,1.9,1.95
pond15_post,2.4,0.014,2.1,303.83,3.61,1.3,12,3.0,1.66
pond15_post,2.2,0.0096,1.32,120.02,1.43,0.98,13,2.2,1.53
pond15_post,3.2,0.0096,1.92,254.58,3.03,1.2,14,1.98,1.96
pond15_post,2.1,0.0105,1.38,131.23,1.56,1.1,15,2.01,1.84
pond15_post,1.0,0.0112,0.69,32.97,0.39,1.2,16,2.23,1.72
pond15_post,2.3,0.011,1.58,172.19,2.04,0.7,17,2.52,1.1
pond15_post,1.2,0.0151,1.13,87.83,1.04,1.0,18,3.35,1.22
pond15_post,1.3,0.0132,1.07,78.71,0.93,1.2,19,2.96,1.73
pond15_post,2.1,0.0108,1.4,95.28,1.33,1.01,20,2.81,2.01
